08aa0c35e50780188b8e5c6f68d858ff591a2855,0,16643,0,4716,0,137772,0,154281,0,145486,0,149073,0,142774,0,229803,0,226619,0,101372,0,229208,0,232088,0,102002,0,101538,0,100031,0,231527,0,232795,0,234512,0,102743,0,103608,0,110595
ed381a9db75775eda38984059fe003a75ca65924,0,5288,0,4871,0,143282,0,76722,0,8356,0,5946,0,27207,0,8840,0,8601,0,8640,0,9203,0,8738,0,8728,0,8723,0,8839,0,8617,0,8579,0,14102,0,8785,0,8558,0,14042
2fd2e07c61df687809c5764fbaffd45f9669694f,0,5786,0,4838,0,137209,0,135578,0,149561,0,5850,0,24021,0,13144,0,8688,0,12194,0,8700,0,8398,0,8520,0,8600,0,8542,0,8309,0,8245,0,13391,0,8495,0,8563,0,13616
07b98e6fd7fa09ffce013db29491574a91256349,0,5380,0,4887,0,134346,0,21676,0,7359,0,5074,0,26175,0,7887,0,7883,0,7811,0,8059,0,7779,0,7823,0,7748,0,7842,0,7862,0,7713,0,13283,0,8961,0,7716,0,13020
5091ef4a3d9f64f6bd9fbc6dc1a3e58e24cfe3e9,0,5418,0,4863,0,138686,0,70784,0,8873,0,5040,0,27023,0,7758,0,7804,0,7831,0,7800,0,7959,0,7788,0,7856,0,7954,0,7690,0,7754,0,13005,0,7631,0,7696,0,12673
f6896db1a208b2f7bdc708a183dc8dd66e412c1c,0,5542,0,4759,0,146337,0,63317,0,7283,0,5293,0,26626,0,8096,0,8088,0,8099,0,8236,0,7684,0,8270,0,7861,0,7742,0,7952,0,7663,0,13038,0,8150,0,7696,0,12907
23bd02f349339bb4df52e53d2fde0b6736312792,0,5319,0,4857,0,141124,0,19732,0,7324,0,5229,0,25971,0,7655,0,7943,0,7619,0,7900,0,7890,0,7808,0,7847,0,7756,0,8618,0,7639,0,12864,0,7818,0,7610,0,12952
e4e537ad9e6fc86fddc21af1aec30a9b054c617b,0,5534,0,4780,0,134479,0,2504,0,2502,0,4969,0,26183,0,7778,0,7852,0,7928,0,1527,0,1610,0,7851,0,1504,0,1584,0,7907,0,2697,0,12070,0,7723,0,2490,0,12112
980357c7a67e9131ff95195caa8876f447931b8a,0,5354,0,4807,0,137173,0,65065,0,9483,0,6317,0,26861,0,8854,0,8582,0,8664,0,8824,0,9019,0,8861,0,8884,0,8661,0,8705,0,8628,0,14095,0,8557,0,8523,0,13652
6885ee6884752cef80c8e34ec6800005cf5f7c58,0,5261,0,4856,0,138177,0,65278,0,7876,0,5294,0,24323,0,8322,0,8467,0,8186,0,8385,0,8456,0,8124,0,8057,0,8275,0,8079,0,8168,0,13234,0,8242,0,8389,0,13448
337a9fe571d0fc8205cf6c7746b939e58c3f92cd,0,5863,0,4825,0,142308,0,138797,0,147797,0,8745,0,27614,0,36267,0,13177,0,16177,0,12837,0,13605,0,10232,0,10579,0,10861,0,11261,0,12809,0,16204,0,10519,0,10344,0,14940
3f9906667d726deea59486f6a737f2f40c21223b,0,5311,0,4903,0,139983,0,14196,0,7420,0,5076,0,29160,0,7797,0,8048,0,7780,0,7993,0,7772,0,8042,0,7862,0,7747,0,7670,0,7641,0,13033,0,7731,0,7689,0,13282
f944d366595ef3969e2bc3e2151d4e46c146e5e0,0,5416,0,4820,0,135982,0,67840,0,9211,0,5315,0,28911,0,8130,0,8223,0,8191,0,7987,0,8142,0,8038,0,8449,0,8156,0,8279,0,8031,0,13317,0,8174,0,7978,0,13170
000d7ffe12599d788bb012087f4acb8cb0a8f291,0,5370,0,4784,0,139134,0,62262,0,9344,0,5280,0,29655,0,8440,0,8322,0,8296,0,8567,0,8385,0,8111,0,8483,0,8268,0,8119,0,8328,0,13609,0,8154,0,8423,0,13438
ce57f3d54e955e240e7cb7d09e77eafa1f3dda36,0,7783,0,4958,0,176380,0,4243,0,4273,0,138603,0,132409,0,247029,0,188805,0,74644,0,87037,0,86071,0,58449,0,53249,0,58837,0,37168,0,43048,0,43506,0,39421,0,36963,0,36030
e75622f1377bcdd861f04eb1bb62c98c84b0e421,0,6012,0,4878,0,184426,0,167157,0,182289,0,9614,0,23940,0,13298,0,13408,0,10554,0,13744,0,13557,0,13393,0,13438,0,13636,0,8785,0,8961,0,14599,0,9106,0,8708,0,13817
0ef6a3ebed9037c7ac49f3ab385d5d5685b8b008,0,5333,0,4808,0,167341,0,77334,0,8301,0,6130,0,18333,0,8556,0,8652,0,8435,0,8703,0,8504,0,8489,0,8522,0,8432,0,8604,0,8297,0,13950,0,8657,0,8363,0,13611
a32effba2c57e70d9db235721fd129f1291ade96,0,5697,0,4864,0,173806,0,83920,0,11906,0,8777,0,20673,0,10451,0,10494,0,10680,0,10205,0,10673,0,10609,0,10460,0,10585,0,10885,0,10661,0,15757,0,10718,0,10424,0,15789
54422decba8c4c335bb4d826ea7225d3663e77bc,0,5759,0,4862,0,165090,0,86554,0,10636,0,5646,0,21172,0,8104,0,8484,0,8145,0,8295,0,8014,0,8283,0,8369,0,8274,0,8466,0,8066,0,13551,0,8372,0,8184,0,13472
ad5cd7fd16d86f3ed4cac33d4987d15c3ac2d6e8,0,5618,0,5021,0,178493,0,82766,0,10754,0,5624,0,30444,0,8524,0,8556,0,8149,0,8415,0,8353,0,8128,0,8664,0,8512,0,8812,0,8691,0,13626,0,9007,0,8253,0,13517
b060aeaedd744dd24042e722ae403eec2664abf2,0,5758,0,4939,0,180976,0,87468,0,9773,0,5465,0,25686,0,8674,0,8357,0,8258,0,8247,0,8517,0,8530,0,8340,0,8406,0,8841,0,8229,0,13497,0,8748,0,8550,0,13735
b556fd15e7d2858f676bbbb383ed257486117503,0,5684,0,4959,0,165515,0,94491,0,10312,0,6984,0,24741,0,8109,0,8083,0,8127,0,8119,0,8416,0,8267,0,8260,0,8190,0,8523,0,8350,0,13428,0,8259,0,8171,0,13610
a5cb49b8253de297fc23ca48b43ef82cc853de97,0,5812,0,4893,0,166706,0,85962,0,10982,0,6470,0,20206,0,8755,0,8897,0,8861,0,8881,0,9013,0,9073,0,9236,0,9028,0,9361,0,9043,0,14159,0,9860,0,8982,0,14095
f6326ba2d283079008de54edfe2d4ae617cb4067,0,5880,0,4972,0,171668,0,2503,0,2478,0,5949,0,25787,0,8406,0,8538,0,8220,0,1624,0,1619,0,8396,0,1537,0,1608,0,8992,0,2965,0,12941,0,8919,0,2717,0,12758
6697ce8538ddb9151113cc76799e14dcdd54d348,0,5815,0,4988,0,181610,0,2471,0,2532,0,5450,0,27414,0,1519,0,1514,0,1506,0,1518,0,1609,0,1487,0,1513,0,1587,0,2710,0,2708,0,12574,0,2733,0,2710,0,12558
f9d68373bd0c5c6c9ae26675c64855da73d5176d,0,5685,0,4909,0,171305,0,2582,0,2459,0,5579,0,23378,0,1493,0,1527,0,1532,0,1522,0,1610,0,1509,0,1533,0,1581,0,2831,0,2960,0,12341,0,2791,0,2790,0,12431
931e616ab0fcd0798bb566f3500bba0bc7c184f5,0,5841,0,4874,0,171293,0,2567,0,2527,0,5385,0,20336,0,1518,0,1531,0,1510,0,1515,0,1588,0,1497,0,1504,0,1579,0,2707,0,2699,0,12310,0,2726,0,2693,0,12560
e98c60adf5b8488ee61bc66fc58b1e4b81d43d11,0,5745,0,4902,0,167758,0,2439,0,2514,0,5748,0,25044,0,1504,0,1639,0,1519,0,1517,0,1590,0,1528,0,1528,0,1574,0,2671,0,2676,0,12583,0,2992,0,2997,0,12546
81421f8b2374e546ee25760a3105ab47e7e56121,0,5650,0,4797,0,171323,0,2462,0,2482,0,5454,0,23245,0,1504,0,1506,0,1505,0,1509,0,1617,0,1516,0,1608,0,1598,0,2698,0,2809,0,12521,0,2738,0,2709,0,12636
f2e9a015cbf48301be59cda1ec7e54bc774832d9,0,5769,0,4931,0,178855,0,2464,0,2443,0,5592,0,27137,0,1516,0,1510,0,1513,0,1550,0,1576,0,1521,0,1519,0,1605,0,2716,0,2689,0,12351,0,2703,0,3006,0,12332
1a392ea0aee367b41c1ee96c4ce0644cde677118,0,5729,0,5020,0,174288,0,2463,0,2490,0,5481,0,25589,0,1501,0,1510,0,1545,0,1545,0,1584,0,1494,0,1551,0,1689,0,2762,0,2956,0,12325,0,2689,0,2766,0,12534
b174332e1f0beaf00eece890ebb3ca87c766a659,0,5816,0,4848,0,174228,0,2563,0,2556,0,5600,0,21393,0,1527,0,2253,0,1523,0,1511,0,1599,0,1543,0,1510,0,1588,0,2740,0,2843,0,12511,0,2776,0,2689,0,12399
8137747acfad6022a49c2a50d7493a0d0ad32efa,0,5595,0,4951,0,174104,0,2504,0,2463,0,5438,0,25836,0,1962,0,1523,0,1493,0,1539,0,1578,0,1491,0,1589,0,1593,0,2733,0,2677,0,12570,0,2684,0,2703,0,12654
c65cf24c53af0a5468f63cd169db38a5ca65eada,0,5617,0,4858,0,184660,0,2449,0,2529,0,5640,0,26339,0,1538,0,1505,0,1506,0,1507,0,1602,0,1512,0,1516,0,1602,0,2811,0,2680,0,12561,0,2767,0,2684,0,12547
1e816e4c492f399ab04752644ec6d57c732e94b3,0,5711,0,5008,0,172506,0,2490,0,2467,0,5529,0,21638,0,1518,0,1515,0,1499,0,1543,0,1609,0,1499,0,2138,0,1605,0,2664,0,2705,0,12335,0,2813,0,2718,0,12517
1222b2a240bab56698a3b9f17472e2d904eb679e,0,5906,0,4950,0,173394,0,2515,0,2485,0,5469,0,24928,0,1508,0,1516,0,1511,0,1506,0,1654,0,1514,0,1521,0,1616,0,2751,0,2683,0,12319,0,2687,0,2696,0,12779
c221ea66752c7c5f8e0d33c5c45595e27b0cc72f,0,5721,0,4892,0,181883,0,2504,0,2447,0,5413,0,24270,0,1523,0,1513,0,2179,0,1532,0,1587,0,1503,0,1576,0,1590,0,2676,0,2718,0,12541,0,2806,0,2998,0,12628
c090d68047de1dceee74ef245a398dfed6b90a06,0,5876,0,4939,0,171826,0,2539,0,2448,0,5487,0,24750,0,1520,0,1513,0,1546,0,1515,0,1617,0,1499,0,1519,0,1618,0,2711,0,2697,0,12349,0,2799,0,2782,0,12834
9db1e45f5246e233c07bf4f8087cc588f2991f4a,0,5818,0,4841,0,171208,0,2460,0,2489,0,5455,0,25094,0,1501,0,1687,0,1515,0,1528,0,1577,0,1518,0,1514,0,1594,0,2648,0,2716,0,12620,0,2695,0,2675,0,12642
f72566865db80d7f8ba07a29216121a09ea0f007,0,5786,0,4938,0,172673,0,2467,0,2454,0,5400,0,26581,0,1514,0,1608,0,1491,0,1526,0,1599,0,1518,0,1640,0,1582,0,2703,0,2700,0,12563,0,2683,0,2685,0,12653
8bbfe78417a456c17dae6809c6a8949489021a6f,0,5678,0,4951,0,179897,0,2468,0,2433,0,5498,0,25474,0,1513,0,1517,0,1513,0,1512,0,1594,0,1512,0,1535,0,1601,0,2856,0,2711,0,12709,0,2773,0,2700,0,12492
b0b6792b44487e32669f0d7054f9588795dc90ea,0,5727,0,4818,0,185257,0,2477,0,2806,0,5372,0,21971,0,1492,0,1495,0,1511,0,1517,0,1590,0,1487,0,1486,0,1583,0,2698,0,2956,0,12312,0,2735,0,2688,0,12662
e83ec0afa2dff7e1fcddc2d379c6a0359eacaf80,0,5747,0,4888,0,172852,0,2506,0,2515,0,5481,0,25736,0,1505,0,1496,0,1496,0,1521,0,1594,0,1517,0,1495,0,1814,0,2717,0,2670,0,12508,0,2814,0,2737,0,12514
1e35af601d376f3ec015088629e172d6066ad47b,0,5909,0,5017,0,175156,0,2548,0,2439,0,5551,0,22979,0,1525,0,1529,0,1505,0,1507,0,1586,0,1493,0,1523,0,1607,0,2689,0,2688,0,12267,0,2823,0,2750,0,12719
4dfe3c6fa370815b8e77749840428a2f0209891e,0,5640,0,4874,0,183409,0,2451,0,2500,0,5490,0,22411,0,1513,0,1521,0,1639,0,1510,0,1646,0,1498,0,1540,0,1703,0,2820,0,2665,0,12401,0,2748,0,2707,0,12729
4d7c0b18e0b654d1f5705da816a6adaedefd795f,0,5600,0,4898,0,182065,0,2496,0,2488,0,5536,0,20523,0,1593,0,1541,0,1510,0,1522,0,1602,0,1505,0,1524,0,1602,0,2722,0,2711,0,12546,0,2829,0,2952,0,12591
c7fcb222fe4a102fd23af32cb14215bfb93a2924,0,5721,0,5067,0,170013,0,2534,0,2488,0,5503,0,21689,0,1532,0,1521,0,1529,0,1506,0,1602,0,1515,0,1604,0,1621,0,2704,0,2989,0,12582,0,2795,0,2749,0,12612
b58c7d8e86134e5a40ebd874bfe2ed2fe0be76f6,0,5697,0,4947,0,164062,0,2458,0,2656,0,5480,0,23757,0,1515,0,1540,0,1509,0,1523,0,1615,0,1520,0,1551,0,1649,0,2793,0,2725,0,12559,0,2758,0,2711,0,12500
a8e67cc7e375e2b9aab333c0256b69753f7e5fa4,0,5599,0,4882,0,170160,0,2476,0,2466,0,5452,0,21157,0,1516,0,1517,0,1524,0,1530,0,1616,0,1513,0,1488,0,1624,0,2727,0,2712,0,12475,0,2702,0,2700,0,12726
59702f261fb069fdd9479995f5783ec73cae794d,0,5604,0,4863,0,171503,0,2451,0,2682,0,5516,0,25204,0,1499,0,1507,0,1520,0,1487,0,1610,0,1512,0,1510,0,1611,0,2660,0,2898,0,12594,0,2656,0,2705,0,12378
